Ministère de la Guerre et de la Défense Patriotique,,https://www.defense.gov.bf,grey_none_verified,National government ministry (Defense),false,no_url,Burkina Faso,DEPT,https://www.defense.gov.bf
"Ministère de l'Agriculture, de l'Eau, des Ressources Animales et Halieutiques",,https://www.agriculture.bf,grey_none_verified,National government ministry (Agriculture),false,no_url,Burkina Faso,DEPT,https://www.agriculture.bf
Ministère de l'Administration Territoriale et de la Mobilité,,https://www.matd.gov.bf,grey_none_verified,National government ministry (Territorial administration),false,no_url,Burkina Faso,DEPT,https://www.matd.gov.bf
Ministère de l'Économie et des Finances,,https://www.finances.gov.bf,grey_none_verified,National government ministry (Economy and finance),false,no_url,Burkina Faso,DEPT,https://www.finances.gov.bf
Ministère de la Sécurité,,https://www.securite.gov.bf,grey_none_verified,National government ministry (Internal security),false,no_url,Burkina Faso,DEPT,https://www.securite.gov.bf
Ministère des Affaires Étrangères,,https://diplomatie.gov.bf,amber_company_route,National government ministry (Foreign affairs),true,pending,Burkina Faso,DEPT,https://diplomatie.gov.bf
Ministère des Serviteurs du Peuple,,https://econcours.gov.bf,green_verified,National government ministry (Civil service),true,pending,Burkina Faso,DEPT,https://www.fonction-publique.gov.bf
"Ministère de la Communication, de la Culture, des Arts et du Tourisme",,https://www.communication.gov.bf,grey_none_verified,National government ministry (Communication and culture),false,no_url,Burkina Faso,DEPT,https://www.communication.gov.bf
Ministère de la Famille et de la Solidarité,,https://www.action-sociale.gov.bf,grey_none_verified,National government ministry (Family and solidarity),false,no_url,Burkina Faso,DEPT,https://www.action-sociale.gov.bf
Ministère de la Justice,,https://www.justice.gov.bf,grey_none_verified,National government ministry (Justice),false,no_url,Burkina Faso,DEPT,https://www.justice.gov.bf
Ministère de la Santé,,https://www.sante.gov.bf,grey_none_verified,National government ministry (Health),false,no_url,Burkina Faso,DEPT,https://www.sante.gov.bf
"Ministère de la Transition Digitale, des Postes et des Communications Électroniques",,https://www.mdenp.gov.bf,grey_none_verified,National government ministry (Digital transition),false,no_url,Burkina Faso,DEPT,https://www.mdenp.gov.bf
"Ministère de l'Industrie, du Commerce et de l'Artisanat",,https://www.commerce.gov.bf,amber_company_route,National government ministry (Industry and commerce),true,pending,Burkina Faso,DEPT,https://www.commerce.gov.bf
Ministère de la Construction de la Patrie,,https://www.mhu.gov.bf,grey_none_verified,National government ministry (Housing and construction),false,no_url,Burkina Faso,DEPT,https://www.mhu.gov.bf
"Ministère de l'Énergie, des Mines et des Carrières",,https://www.energie-mines.gov.bf,grey_none_verified,National government ministry (Energy and mines),false,no_url,Burkina Faso,DEPT,https://www.energie-mines.gov.bf
"Ministère de l'Éducation Nationale, de l'Alphabétisation et de la Promotion des Langues Nationales",,https://www.education.gov.bf,grey_none_verified,National government ministry (Basic education),false,no_url,Burkina Faso,DEPT,https://www.education.gov.bf
"Ministère de l'Enseignement Secondaire, de la Formation Professionnelle et Technique",,https://formationpro.gov.bf,amber_company_route,National government ministry (Secondary education),true,pending,Burkina Faso,DEPT,https://formationpro.gov.bf
"Ministère de l'Enseignement Supérieur, de la Recherche et de l'Innovation",,https://www.mesrsi.gov.bf,grey_none_verified,National government ministry (Higher education),false,no_url,Burkina Faso,DEPT,https://www.mesrsi.gov.bf
"Ministère des Sports, de la Jeunesse et de l'Emploi",,https://www.sports.gov.bf,grey_none_verified,National government ministry (Sports and youth),false,no_url,Burkina Faso,DEPT,https://www.sports.gov.bf
Ministère Secrétaire Général du Gouvernement et du Conseil des Ministres,,https://gouvernement.gov.bf,grey_none_verified,Government secretariat-general office,false,no_url,Burkina Faso,DEPT,https://gouvernement.gov.bf
Ministère Délégué chargé du Budget,,https://www.finances.gov.bf,grey_none_verified,Delegate minister for budget affairs,false,no_url,Burkina Faso,DEPT,https://www.finances.gov.bf
Ministère Délégué chargé des Ressources Animales,,https://www.agriculture.bf,grey_none_verified,Delegate minister for livestock resources,false,no_url,Burkina Faso,DEPT,https://www.agriculture.bf
Ministère Délégué chargé de la Coopération Régionale,,https://diplomatie.gov.bf,grey_none_verified,Delegate minister for regional cooperation,false,no_url,Burkina Faso,DEPT,https://diplomatie.gov.bf
"Ministère de l'Environnement, de l'Eau et de l'Assainissement",,https://www.environnement.gov.bf,grey_none_verified,National government ministry (Environment and water),false,no_url,Burkina Faso,DEPT,https://www.environnement.gov.bf
Programme Alimentaire Mondial (PAM/WFP) Burkina Faso,,https://www.wfp.org/careers,green_verified,UN World Food Programme country office,true,pending,Burkina Faso,NGO,https://www.wfp.org/countries/burkina-faso
Programme des Nations Unies pour le Développement (PNUD) Burkina Faso,,https://www.undp.org/fr/burkina-faso/emploi,green_verified,UN Development Programme country office,true,pending,Burkina Faso,NGO,https://www.undp.org/fr/burkina-faso
Organisation Mondiale de la Santé (OMS) Burkina Faso,,https://www.who.int/careers,green_verified,World Health Organization country office,true,pending,Burkina Faso,NGO,https://www.afro.who.int/countries/burkina-faso
Plan International Burkina Faso,,https://jobs.plan-international.org/,green_verified,International NGO focused on children's rights,true,pending,Burkina Faso,NGO,https://plan-international.org/burkina-faso/
Catholic Relief Services (CRS) Burkina Faso,,https://www.crs.org/about-us/careers,green_verified,US Catholic humanitarian NGO country office,true,pending,Burkina Faso,NGO,https://www.crs.org/where-we-work/africa/burkina-faso
Coris Bank International Burkina Faso,,https://coris.bank/carriere/,green_verified,Major regional commercial bank,true,pending,Burkina Faso,PRIVATE,https://burkina.coris.bank/
Ecobank Burkina Faso,,https://ecobank.com/group/about-us/careers,green_verified,Pan-African commercial bank,true,pending,Burkina Faso,PRIVATE,https://www.ecobank.com/bf/personal-banking
Bank of Africa Burkina Faso,,https://www.boaburkinafaso.com/institutionnels/travailler-chez-boa/,amber_company_route,Major commercial bank,true,pending,Burkina Faso,PRIVATE,https://www.boaburkinafaso.com/
UBA Burkina Faso,,https://www.ubagroup.com/careers/,amber_company_route,Pan-African commercial bank subsidiary,true,pending,Burkina Faso,PRIVATE,https://www.ubaburkinafaso.com/
Orange Burkina Faso,,https://www.orange.bf/fr/offres-de-recrutements.html,green_verified,Major telecom and mobile money operator,true,pending,Burkina Faso,PRIVATE,https://www.orange.bf
Onatel / Moov Africa Burkina Faso,,https://www.onatel.bf,grey_none_verified,National telecom operator,false,no_url,Burkina Faso,PRIVATE,https://www.onatel.bf
Endeavour Mining Burkina Faso (Houndé/Mana),,https://www.endeavourmining.com/careers/,green_verified,Major gold mining company,true,pending,Burkina Faso,PRIVATE,https://www.endeavourmining.com
IAMGOLD Essakane SA,,https://www.iamgoldessakane.com/,grey_none_verified,Major gold mining company,false,no_url,Burkina Faso,PRIVATE,https://www.iamgoldessakane.com/
Brasseries du Burkina (Brakina),,https://www.brakina-bf.com/,grey_none_verified,Leading brewery and beverage company,false,no_url,Burkina Faso,PRIVATE,https://www.brakina-bf.com/
Société Nationale d'Électricité du Burkina (SONABEL),,https://recrutements.sonabel.bf/fr/,green_verified,State-owned national electricity utility,true,pending,Burkina Faso,SOE,https://www.sonabel.bf
Office National de l'Eau et de l'Assainissement (ONEA),,https://recrutement.onea.bf/,green_verified,State-owned water and sanitation utility,true,pending,Burkina Faso,SOE,https://onea.bf/
Air Burkina,,https://air-burkina.com/la-compagnie/emploi-/-stage,green_verified,National flag carrier airline,true,pending,Burkina Faso,SOE,https://air-burkina.com/
