Ministère de l'Économie et des Finances,,https://www.budget.gouv.ga,grey_none_verified,Finance and economy ministry,false,pending,Gabon,DEPT,https://www.budget.gouv.ga
Ministère de la Santé,,https://www.sante.gouv.ga,grey_none_verified,Public health ministry,false,pending,Gabon,DEPT,https://www.sante.gouv.ga
Ministère de l'Éducation Nationale,,https://www.education-nationale.gouv.ga,grey_none_verified,National education ministry,false,pending,Gabon,DEPT,https://www.education-nationale.gouv.ga
Ministère de l'Enseignement Supérieur,,https://www.enseignement-superieur.gouv.ga,grey_none_verified,Higher education and research,false,pending,Gabon,DEPT,https://www.enseignement-superieur.gouv.ga
Ministère du Pétrole et du Gaz,,https://www.petrole.gouv.ga,grey_none_verified,Oil and gas ministry,false,pending,Gabon,DEPT,https://www.petrole.gouv.ga
Ministère des Mines,,https://www.mines.gouv.ga,grey_none_verified,Mines and geological resources,false,pending,Gabon,DEPT,https://www.mines.gouv.ga
Ministère des Eaux et Forêts,,https://eaux-forets.gouv.ga,grey_none_verified,Forests environment and climate,false,pending,Gabon,DEPT,https://eaux-forets.gouv.ga
Ministère de l'Agriculture,,https://www.agriculture.gouv.ga,grey_none_verified,Agriculture and livestock ministry,false,pending,Gabon,DEPT,https://www.agriculture.gouv.ga
Ministère des Transports,,https://www.transports.gouv.ga,grey_none_verified,Transport and merchant marine,false,pending,Gabon,DEPT,https://www.transports.gouv.ga
Ministère des Travaux Publics,,https://www.infrastructures.gouv.ga,grey_none_verified,Public works and construction,false,pending,Gabon,DEPT,https://www.infrastructures.gouv.ga
Ministère du Commerce,,https://commerce.gouv.ga,grey_none_verified,Trade SME and entrepreneurship,false,pending,Gabon,DEPT,https://commerce.gouv.ga
Ministère de la Fonction Publique,,https://fonction-publique.gouv.ga,grey_none_verified,Civil service ministry,false,pending,Gabon,DEPT,https://fonction-publique.gouv.ga
Ministère de l'Intérieur,,https://www.interieur.gouv.ga,grey_none_verified,Interior and security ministry,false,pending,Gabon,DEPT,https://www.interieur.gouv.ga
Ministère des Affaires Étrangères,,https://www.diplomatie.gouv.ga,grey_none_verified,Foreign affairs ministry,false,pending,Gabon,DEPT,https://www.diplomatie.gouv.ga
Ministère de la Justice,,https://www.justice.gouv.ga,grey_none_verified,Justice and human rights,false,pending,Gabon,DEPT,https://www.justice.gouv.ga
Ministère du Travail,,https://www.travail.gouv.ga,grey_none_verified,Labour and employment ministry,false,pending,Gabon,DEPT,https://www.travail.gouv.ga
Ministère de l'Environnement,,https://www.environnement.gouv.ga,grey_none_verified,Environment ministry,false,pending,Gabon,DEPT,https://www.environnement.gouv.ga
Ministère de l'Économie Numérique,,https://www.economie-numerique.gouv.ga,grey_none_verified,Digital economy ministry,false,pending,Gabon,DEPT,https://www.economie-numerique.gouv.ga
Ministère de la Communication,,https://www.communication.gouv.ga,grey_none_verified,Communication and media ministry,false,pending,Gabon,DEPT,https://www.communication.gouv.ga
Ministère de l'Industrie,,https://www.industries.gouv.ga,grey_none_verified,Industry and local processing,false,pending,Gabon,DEPT,https://www.industries.gouv.ga
SEEG,,https://www.seeg-gabon.com,grey_none_verified,National electricity and water utility,false,pending,Gabon,SOE,https://www.seeg-gabon.com
Gabon Oil Company,,https://www.gabonoil.com,grey_none_verified,National oil company,false,pending,Gabon,SOE,https://www.gabonoil.com
Gabon Power Company,,https://gpc-gabon.com,grey_none_verified,State energy holding company,false,pending,Gabon,SOE,https://gpc-gabon.com
CNSS Gabon,,https://cnss.ga,grey_none_verified,National social security fund,false,pending,Gabon,SOE,https://cnss.ga
CNAMGS,,https://cnamgs.ga,grey_none_verified,National health insurance fund,false,pending,Gabon,SOE,https://cnamgs.ga
ANPI-Gabon,,https://www.anpigabon.ga,grey_none_verified,National investment promotion agency,false,pending,Gabon,SOE,https://www.anpigabon.ga
Mairie de Libreville,,https://libreville.ga,grey_none_verified,Capital city municipality,false,pending,Gabon,MUNI,https://libreville.ga
Mairie de Franceville,,https://franceville.ga,grey_none_verified,Franceville city municipality,false,pending,Gabon,MUNI,https://franceville.ga
Mairie d'Oyem,,https://oyem.ga,grey_none_verified,Oyem city municipality,false,pending,Gabon,MUNI,https://oyem.ga
BGFIBank Gabon,,https://groupebgfibank.com/emploi-et-carriere/,amber_company_route,Leading Central Africa bank,true,pending,Gabon,PRIVATE,https://bgfibankgabon.bgfi.com
Union Gabonaise de Banque,,https://www.ugb-banque.com,grey_none_verified,Attijariwafa affiliated commercial bank,false,pending,Gabon,PRIVATE,https://www.ugb-banque.com
AFG Bank Gabon,,https://afgbankgabon.com,grey_none_verified,Commercial bank formerly BICIG,false,pending,Gabon,PRIVATE,https://afgbankgabon.com
Ecobank Gabon,,https://www.ecobank.com/ga,grey_none_verified,Pan-African commercial bank,false,pending,Gabon,PRIVATE,https://www.ecobank.com/ga
Orabank Gabon,,https://www.orabank.net/fr/filiale/gabon,grey_none_verified,Regional commercial bank,false,pending,Gabon,PRIVATE,https://www.orabank.net/fr/filiale/gabon
Airtel Gabon,,https://www.airtel.ga,grey_none_verified,Mobile telecom operator,false,pending,Gabon,PRIVATE,https://www.airtel.ga
Moov Africa Gabon Telecom,,https://www.moov-africa.ga,grey_none_verified,Mobile and fixed telecom operator,false,pending,Gabon,PRIVATE,https://www.moov-africa.ga
TotalEnergies Marketing Gabon,,https://totalenergies.ga,grey_none_verified,Fuel distribution and marketing,false,pending,Gabon,PRIVATE,https://totalenergies.ga
Perenco Gabon,,https://www.perenco.com/your-career/,amber_company_route,Independent oil and gas producer,true,pending,Gabon,PRIVATE,https://www.perenco.com
Assala Energy Gabon,,https://www.assalaenergy.com/careers/,amber_company_route,Onshore oil producer,true,pending,Gabon,PRIVATE,https://www.assalaenergy.com
Olam Gabon,,https://www.olamgroup.com/careers.html,amber_company_route,Palm rubber and agri-business,true,pending,Gabon,PRIVATE,https://www.olamgroup.com
SETRAG,,https://setrag.eramet.com,grey_none_verified,Transgabonais railway operator,false,pending,Gabon,PRIVATE,https://setrag.eramet.com
Comilog,,https://comilog.eramet.com,grey_none_verified,Manganese mining company Moanda,false,pending,Gabon,PRIVATE,https://comilog.eramet.com
Ceca-Gadis,,https://cecagadis.com,grey_none_verified,Food retail and distribution,false,pending,Gabon,PRIVATE,https://cecagadis.com
Sobraga,,https://sobraga.com,grey_none_verified,Brewery and beverages company,false,pending,Gabon,PRIVATE,https://sobraga.com
UNICEF Gabon,,https://www.unicef.org/gabon,grey_none_verified,UN children agency office,false,pending,Gabon,NGO,https://www.unicef.org/gabon
WWF Gabon,,https://www.wwfgabon.org,grey_none_verified,Conservation NGO Gabon office,false,pending,Gabon,NGO,https://www.wwfgabon.org
OMS Gabon,,https://www.afro.who.int/countries/gabon,grey_none_verified,World Health Organization office,false,pending,Gabon,NGO,https://www.afro.who.int/countries/gabon
PNUD Gabon,,https://www.undp.org/fr/gabon,grey_none_verified,UN development programme office,false,pending,Gabon,NGO,https://www.undp.org/fr/gabon
Nations Unies au Gabon,,https://gabon.un.org,grey_none_verified,UN country team portal,false,pending,Gabon,NGO,https://gabon.un.org
