Ministere de l'Economie et des Finances,,https://www.mef.gov.gn,grey_none_verified,Ministere finances et economie nationale,false,pending,Guinea,DEPT,https://www.mef.gov.gn
Ministere du Budget,,https://mbudget.gov.gn,grey_none_verified,Ministere du budget national,false,pending,Guinea,DEPT,https://mbudget.gov.gn
Ministere de la Sante et de l'Hygiene Publique,,https://sante.gov.gn,grey_none_verified,Ministere sante et hygiene publique,false,pending,Guinea,DEPT,https://sante.gov.gn
Ministere de l'Enseignement Pre-Universitaire et de l'Alphabetisation,,https://mepua.gov.gn,grey_none_verified,Ministere education de base,false,pending,Guinea,DEPT,https://mepua.gov.gn
Ministere de l'Enseignement Superieur et de la Recherche Scientifique,,https://mesrs.gov.gn,grey_none_verified,Ministere enseignement superieur et recherche,false,pending,Guinea,DEPT,https://mesrs.gov.gn
Ministere des Mines et de la Geologie,,https://mines.gov.gn,grey_none_verified,Ministere des mines et geologie,false,pending,Guinea,DEPT,https://mines.gov.gn
Ministere de l'Energie de l'Hydraulique et des Hydrocarbures,,https://mhh.gov.gn,grey_none_verified,Ministere energie hydraulique et hydrocarbures,false,pending,Guinea,DEPT,https://mhh.gov.gn
Ministere de l'Agriculture,,https://agriculture.gov.gn,grey_none_verified,Ministere de l'agriculture,false,pending,Guinea,DEPT,https://agriculture.gov.gn
Ministere des Transports,,https://transports.gov.gn,grey_none_verified,Ministere des transports,false,pending,Guinea,DEPT,https://transports.gov.gn
Ministere du Commerce,,http://commerce.gov.gn,grey_none_verified,Ministere du commerce,false,pending,Guinea,DEPT,http://commerce.gov.gn
Ministere de la Fonction Publique et du Travail,,https://fonctionpublique.gov.gn,grey_none_verified,Ministere fonction publique et travail,false,pending,Guinea,DEPT,https://fonctionpublique.gov.gn
Ministere de l'Administration du Territoire et de la Decentralisation,,https://matd.gov.gn,grey_none_verified,Ministere administration territoire et decentralisation,false,pending,Guinea,DEPT,https://matd.gov.gn
Ministere des Affaires Etrangeres,,https://mae.gov.gn,grey_none_verified,Ministere des affaires etrangeres,false,pending,Guinea,DEPT,https://mae.gov.gn
Ministere de la Justice et des Droits de l'Homme,,https://justiceguinee.gov.gn,grey_none_verified,Ministere justice et droits humains,false,pending,Guinea,DEPT,https://justiceguinee.gov.gn
Ministere de l'Enseignement Technique et de la Formation Professionnelle,,https://metfp.gov.gn,grey_none_verified,Ministere formation professionnelle et emploi,false,pending,Guinea,DEPT,https://metfp.gov.gn
Ministere de l'Environnement et du Developpement Durable,,https://medd.gov.gn,grey_none_verified,Ministere environnement et developpement durable,false,pending,Guinea,DEPT,https://medd.gov.gn
Ministere de la Peche et de l'Economie Maritime,,https://peches.gov.gn,grey_none_verified,Ministere peche et economie maritime,false,pending,Guinea,DEPT,https://peches.gov.gn
Ministere des Postes des Telecommunications et de l'Economie Numerique,,https://www.mpten.gov.gn,grey_none_verified,Ministere postes telecoms economie numerique,false,pending,Guinea,DEPT,https://www.mpten.gov.gn
Ministere du Plan et de la Cooperation Internationale,,https://mpcid.gov.gn,grey_none_verified,Ministere du plan et cooperation,false,pending,Guinea,DEPT,https://mpcid.gov.gn
Electricite de Guinee EDG,,https://edg.com.gn,grey_none_verified,Compagnie nationale d'electricite,false,pending,Guinea,SOE,https://edg.com.gn
Societe des Eaux de Guinee SEG,,https://segguinee.com,grey_none_verified,Societe nationale des eaux,false,pending,Guinea,SOE,https://segguinee.com
Port Autonome de Conakry,,https://portconakry.gov.gn,grey_none_verified,Port maritime national,false,pending,Guinea,SOE,https://portconakry.gov.gn
SOGUIPAMI,,https://soguipami.net,grey_none_verified,Societe guineenne du patrimoine minier,false,pending,Guinea,SOE,https://soguipami.net
ANAIM,,https://www.anaimguinee.com,grey_none_verified,Agence nationale infrastructures minieres,false,pending,Guinea,SOE,https://www.anaimguinee.com
SOGEAC Aeroport de Conakry,,https://aeroportdeconakry.com,grey_none_verified,Gestionnaire aeroport de Conakry,false,pending,Guinea,SOE,https://aeroportdeconakry.com
La Poste Guineenne,,https://www.laposte.gn,grey_none_verified,Operateur postal national,false,pending,Guinea,SOE,https://www.laposte.gn
GUILAB,,https://guilab.com.gn,grey_none_verified,Operateur national fibre optique,false,pending,Guinea,SOE,https://guilab.com.gn
LONAGUI,,https://www.lonagui.com.gn,grey_none_verified,Loterie nationale de Guinee,false,pending,Guinea,SOE,https://www.lonagui.com.gn
Commune de Matoto,,https://mairiedematoto.org,grey_none_verified,Commune urbaine de Conakry,false,pending,Guinea,MUNI,https://mairiedematoto.org
Commune de Ratoma,,https://ratoma.website,grey_none_verified,Commune urbaine de Conakry,false,pending,Guinea,MUNI,https://ratoma.website
Ville de Nzerekore,,https://ville-nzerekore.com,grey_none_verified,Commune urbaine region forestiere,false,pending,Guinea,MUNI,https://ville-nzerekore.com
Commune Urbaine de Kindia,,https://cukindia.org,grey_none_verified,Commune urbaine Basse-Guinee,false,pending,Guinea,MUNI,https://cukindia.org
Ville de Labe,,https://www.communelabe.org,grey_none_verified,Commune urbaine Fouta-Djallon,false,pending,Guinea,MUNI,https://www.communelabe.org
Mairie de Kankan,,https://sekoukaba2009.wixsite.com/mairiedekankan,grey_none_verified,Commune urbaine Haute-Guinee,false,pending,Guinea,MUNI,https://sekoukaba2009.wixsite.com/mairiedekankan
Compagnie des Bauxites de Guinee CBG,,https://cbg-guinee.com,grey_none_verified,Producteur de bauxite Boke,false,pending,Guinea,PRIVATE,https://cbg-guinee.com
Societe Miniere de Boke SMB,,https://www.smb-guinee.com,grey_none_verified,Consortium minier bauxite Boke,false,pending,Guinea,PRIVATE,https://www.smb-guinee.com
Societe AngloGold Ashanti de Guinee SAG,,https://careers.anglogoldashanti.com/go/Guinea/9004301/,amber_company_route,Mine d'or de Siguiri,true,pending,Guinea,PRIVATE,https://www.anglogoldashanti.com
Guinea Alumina Corporation GAC,,https://gacguinee.com,grey_none_verified,Producteur bauxite et alumine,false,pending,Guinea,PRIVATE,https://gacguinee.com
Friguia RUSAL Guinee,,https://www.rusal.com,grey_none_verified,Raffinerie alumine et bauxite,false,pending,Guinea,PRIVATE,https://www.rusal.com
Vista Bank Guinee,,https://vistabankgroup.com,grey_none_verified,Banque commerciale ex-BICIGUI,false,pending,Guinea,PRIVATE,https://vistabankgroup.com
Societe Generale Guinee,,https://guinee.societegenerale.com,grey_none_verified,Banque commerciale internationale,false,pending,Guinea,PRIVATE,https://guinee.societegenerale.com
Ecobank Guinee,,https://www.ecobank.com,grey_none_verified,Banque panafricaine,false,pending,Guinea,PRIVATE,https://www.ecobank.com
UBA Guinee,,https://www.ubagroup.com/guinea,grey_none_verified,Banque panafricaine nigeriane,false,pending,Guinea,PRIVATE,https://www.ubagroup.com/guinea
Orabank Guinee,,https://www.orabank.net,grey_none_verified,Banque panafricaine,false,pending,Guinea,PRIVATE,https://www.orabank.net
Orange Guinee,,https://jobs.orange-guinee.com,amber_company_route,Operateur telecom mobile leader,true,pending,Guinea,PRIVATE,https://www.orange-guinee.com
SOBRAGUI,,https://www.sobragui.com,grey_none_verified,Brasserie et boissons Castel,false,pending,Guinea,PRIVATE,https://www.sobragui.com
UNICEF Guinee,,https://www.unicef.org/guinea,grey_none_verified,Agence ONU pour enfance,false,pending,Guinea,NGO,https://www.unicef.org/guinea
PAM Guinee,,https://www.wfp.org/countries/guinea,grey_none_verified,Programme alimentaire mondial ONU,false,pending,Guinea,NGO,https://www.wfp.org/countries/guinea
OMS Guinee,,https://www.afro.who.int/countries/guinea,grey_none_verified,Organisation mondiale de la sante,false,pending,Guinea,NGO,https://www.afro.who.int/countries/guinea
HCR Guinee,,https://www.unhcr.org,grey_none_verified,Agence ONU pour refugies,false,pending,Guinea,NGO,https://www.unhcr.org
MSF Guinee,,https://www.msf.org,grey_none_verified,ONG medicale internationale,false,pending,Guinea,NGO,https://www.msf.org
IRC Guinee,,https://www.rescue.org,grey_none_verified,ONG humanitaire internationale,false,pending,Guinea,NGO,https://www.rescue.org
