Ministère de l'Économie et des Finances,,https://finances.gouv.tg,grey_none_verified,National finance and budget ministry,false,pending,Togo,DEPT,https://finances.gouv.tg
Ministère de la Santé et de l'Hygiène Publique,,https://sante.gouv.tg,grey_none_verified,Health ministry hospitals and public health,false,pending,Togo,DEPT,https://sante.gouv.tg
Ministère des Enseignements Primaire Secondaire et Technique,,https://education.gouv.tg,grey_none_verified,Primary secondary technical education ministry,false,pending,Togo,DEPT,https://education.gouv.tg
Ministère de l'Enseignement Supérieur et de la Recherche,,https://edusup.gouv.tg,grey_none_verified,Higher education and research ministry,false,pending,Togo,DEPT,https://edusup.gouv.tg
Ministère de l'Agriculture de l'Élevage et du Développement Rural,,https://agriculture.gouv.tg,grey_none_verified,Agriculture livestock and rural development,false,pending,Togo,DEPT,https://agriculture.gouv.tg
Ministère des Mines et de l'Énergie,,https://energie.gouv.tg,grey_none_verified,Mines and energy ministry,false,pending,Togo,DEPT,https://energie.gouv.tg
Ministère de l'Environnement et des Ressources Forestières,,https://environnement.gouv.tg,grey_none_verified,Environment and forestry ministry,false,pending,Togo,DEPT,https://environnement.gouv.tg
Ministère des Infrastructures et des Transports,,https://infrastructure.gouv.tg,grey_none_verified,Infrastructure and transport ministry,false,pending,Togo,DEPT,https://infrastructure.gouv.tg
Ministère du Commerce de l'Industrie et de la Consommation Locale,,https://commerce.gouv.tg,grey_none_verified,Trade industry and local consumption,false,pending,Togo,DEPT,https://commerce.gouv.tg
Ministère de la Fonction Publique du Travail et du Dialogue Social,,https://fonctionpublique.gouv.tg,grey_none_verified,Public service and labour ministry,false,pending,Togo,DEPT,https://fonctionpublique.gouv.tg
Ministère de l'Administration Territoriale,,https://territoire.gouv.tg,grey_none_verified,Territorial administration and local governance,false,pending,Togo,DEPT,https://territoire.gouv.tg
Ministère des Affaires Étrangères,,https://diplomatie.gouv.tg,grey_none_verified,Foreign affairs and cooperation ministry,false,pending,Togo,DEPT,https://diplomatie.gouv.tg
Ministère de la Justice et des Droits Humains,,https://justice.gouv.tg,grey_none_verified,Justice and human rights ministry,false,pending,Togo,DEPT,https://justice.gouv.tg
Ministère de l'Économie Numérique et de la Transformation Digitale,,https://numerique.gouv.tg,grey_none_verified,Digital economy ministry,false,pending,Togo,DEPT,https://numerique.gouv.tg
Ministère de l'Action Sociale et de la Solidarité,,https://actionsociale.gouv.tg,grey_none_verified,Social action and solidarity ministry,false,pending,Togo,DEPT,https://actionsociale.gouv.tg
Ministère du Développement à la Base,,https://devbase.gouv.tg,grey_none_verified,Grassroots development and social economy,false,pending,Togo,DEPT,https://devbase.gouv.tg
Ministère de la Planification du Développement,,https://www.planification.gouv.tg,grey_none_verified,Development planning and cooperation ministry,false,pending,Togo,DEPT,https://www.planification.gouv.tg
CEET Compagnie Énergie Électrique du Togo,,https://www.ceet.tg,grey_none_verified,State electricity utility,false,pending,Togo,SOE,https://www.ceet.tg
Togolaise des Eaux TdE,,https://www.tde.tg,grey_none_verified,State water utility,false,pending,Togo,SOE,https://www.tde.tg
Société Nouvelle des Phosphates du Togo SNPT,,https://www.snptogo.com,grey_none_verified,State phosphate mining company,false,pending,Togo,SOE,https://www.snptogo.com
Port Autonome de Lomé,,https://www.togo-port.net,grey_none_verified,State deep-water seaport authority,false,pending,Togo,SOE,https://www.togo-port.net
Société Aéroportuaire de Lomé SALT,,https://aeroportdelome.com,grey_none_verified,Lomé international airport operator,false,pending,Togo,SOE,https://aeroportdelome.com
La Poste du Togo,,https://www.laposte.tg,grey_none_verified,National postal services company,false,pending,Togo,SOE,https://www.laposte.tg
LONATO Loterie Nationale Togolaise,,https://lonato.tg,grey_none_verified,National lottery state company,false,pending,Togo,SOE,https://lonato.tg
Togo Invest Corporation,,https://togoinvest.tg,grey_none_verified,State investment holding company,false,pending,Togo,SOE,https://togoinvest.tg
Télévision Togolaise TVT,,https://tvt.tg,grey_none_verified,National public broadcaster,false,pending,Togo,SOE,https://tvt.tg
Office Togolais des Recettes OTR,,https://www.otr.tg/index.php/fr/blog/offre-d-emplois.html,amber_company_route,National revenue authority hiring page,true,pending,Togo,SOE,https://www.otr.tg
Commune du Golfe 1 Lomé,,https://www.golfe1.mairie.tg,grey_none_verified,Lomé main municipal council,false,pending,Togo,MUNI,https://www.golfe1.mairie.tg
Commune de Kozah 1 Kara,,https://www.kozah1.mairie.tg,grey_none_verified,Kara city municipal council,false,pending,Togo,MUNI,https://www.kozah1.mairie.tg
Commune de Tchaoudjo 1 Sokodé,,https://tchaoudjo1.togo-communes.org,grey_none_verified,Sokodé city municipal council,false,pending,Togo,MUNI,https://tchaoudjo1.togo-communes.org
Commune de Tône 1 Dapaong,,https://tone1.togo-communes.org,grey_none_verified,Dapaong city municipal council,false,pending,Togo,MUNI,https://tone1.togo-communes.org
Commune d'Ogou 1 Atakpamé,,https://ogou1.togo-communes.org,grey_none_verified,Atakpamé city municipal council,false,pending,Togo,MUNI,https://ogou1.togo-communes.org
Commune de Sotouboua 1,,https://sotouboua1.togo-communes.org,grey_none_verified,Sotouboua city municipal council,false,pending,Togo,MUNI,https://sotouboua1.togo-communes.org
Ecobank Transnational Incorporated,,https://ecobank.com/group/about-us/careers,amber_company_route,Pan-African bank headquartered in Lomé,true,pending,Togo,PRIVATE,https://ecobank.com
Banque Ouest Africaine de Développement BOAD,,https://carrieres.boad.org,amber_company_route,Regional development bank headquartered Lomé,true,pending,Togo,PRIVATE,https://www.boad.org
Orabank Togo,,https://www.orabank.net/fr/filiale/togo,grey_none_verified,Commercial bank Togo subsidiary,false,pending,Togo,PRIVATE,https://www.orabank.net/fr/filiale/togo
Togocom,,https://togocom.tg,grey_none_verified,Leading mobile and internet operator,false,pending,Togo,PRIVATE,https://togocom.tg
Moov Africa Togo,,https://moov-africa.tg,grey_none_verified,Mobile telecom operator,false,pending,Togo,PRIVATE,https://moov-africa.tg
Bank of Africa Togo,,https://www.boatogo.com,grey_none_verified,Commercial bank subsidiary,false,pending,Togo,PRIVATE,https://www.boatogo.com
Société Générale Togo,,https://societegenerale.tg,grey_none_verified,Commercial bank subsidiary,false,pending,Togo,PRIVATE,https://societegenerale.tg
Coris Bank International Togo,,https://togo.coris.bank,grey_none_verified,Commercial bank Togo subsidiary,false,pending,Togo,PRIVATE,https://togo.coris.bank
Banque Togolaise pour le Commerce et l'Industrie BTCI,,https://www.btcibanquetg.net,grey_none_verified,Established Togolese commercial bank,false,pending,Togo,PRIVATE,https://www.btcibanquetg.net
Union Togolaise de Banque UTB,,https://www.utb.tg,grey_none_verified,Major Togolese commercial bank,false,pending,Togo,PRIVATE,https://www.utb.tg
Brasserie BB Lomé,,https://www.bblome.com,grey_none_verified,Leading brewery and beverage maker,false,pending,Togo,PRIVATE,https://www.bblome.com
CIMTOGO,,https://www.heidelbergcement.tg,grey_none_verified,Cement producer Heidelberg subsidiary,false,pending,Togo,PRIVATE,https://www.heidelbergcement.tg
Lomé Container Terminal,,https://www.lct-togo.com,grey_none_verified,Deep-water container terminal operator,false,pending,Togo,PRIVATE,https://www.lct-togo.com
Africa Global Logistics Togo,,https://acareerbyagl.talent-soft.com,amber_company_route,Port logistics and transport group,true,pending,Togo,PRIVATE,https://www.aglgroup.com
UNICEF Togo,,https://www.unicef.org/topics/togo,grey_none_verified,UN children agency country office,false,pending,Togo,NGO,https://www.unicef.org/topics/togo
Programme Alimentaire Mondial Togo,,https://www.wfp.org/countries/togo,grey_none_verified,UN World Food Programme office,false,pending,Togo,NGO,https://www.wfp.org/countries/togo
Organisation Mondiale de la Santé Togo,,https://www.afro.who.int/fr/countries/togo,grey_none_verified,WHO country representation office,false,pending,Togo,NGO,https://www.afro.who.int/fr/countries/togo
Programme des Nations Unies pour le Développement Togo,,https://www.undp.org/fr/togo,grey_none_verified,UNDP country office,false,pending,Togo,NGO,https://www.undp.org/fr/togo
Plan International Togo,,https://plan-international.org/togo,grey_none_verified,Child-focused development INGO office,false,pending,Togo,NGO,https://plan-international.org/togo
Catholic Relief Services Togo,,https://www.crs.org/our-work-overseas/where-we-work/togo,grey_none_verified,US Catholic humanitarian INGO office,false,pending,Togo,NGO,https://www.crs.org/our-work-overseas/where-we-work/togo
